{"cameraMode":{"drawMode":0,"name":"Shaded","section":"Shading Mode"},"sceneLighting":true,"audioPlay":false,"sceneViewState":{"m_AlwaysRefresh":false,"showFog":true,"showSkybox":true,"showFlares":true,"showImageEffects":true,"showParticleSystems":true,"showVisualEffectGraphs":true,"m_FxEnabled":false},"in2DMode":false,"pivot":{"x":1.5425844192504883,"y":5.686725616455078,"z":-13.069351196289063},"rotation":{"x":0.44371911883354189,"y":-0.12166497111320496,"z":0.060946591198444369,"w":0.8857754468917847},"size":23.11077117919922,"orthographic":false}