{"cameraMode":{"drawMode":0,"name":"Shaded","section":"Shading Mode"},"sceneLighting":true,"audioPlay":false,"sceneViewState":{"m_AlwaysRefresh":false,"showFog":true,"showSkybox":true,"showFlares":true,"showImageEffects":true,"showParticleSystems":true,"showVisualEffectGraphs":true,"m_FxEnabled":false},"in2DMode":false,"pivot":{"x":6.551538467407227,"y":-2.9267730712890627,"z":2.4850425720214845},"rotation":{"x":0.30304718017578127,"y":-0.20928704738616944,"z":0.06840484589338303,"w":0.927193820476532},"size":36.613277435302737,"orthographic":false}